[
  {
    "model": "events.college",
    "pk": 4,
    "fields": {
      "latin_dance_organization_name": "CPSalsa",
      "description": "",
      "college_name": "Cal Poly San Luis Obispo",
      "city": "San Luis Obispo",
      "state": "CA"
    }
  },
  {
    "model": "events.college",
    "pk": 5,
    "fields": {
      "latin_dance_organization_name": "Cal Poly Pomona Salsa Dance Team",
      "description": "Cal Poly Pomona Salsa Dance Team consists of 5 couples and focuses on LA style salsa.",
      "college_name": "Cal Poly Pomona",
      "city": "Pomona",
      "state": "CA"
    }
  },
  {
    "model": "events.college",
    "pk": 6,
    "fields": {
      "latin_dance_organization_name": "Fresno State Salsa Club",
      "description": "Fresno State Salsa Club provides swing and salsa dancing. Beginner lessons from 7-8 and followed by social dancing. Free to everyone. Salsa and swing dancing switch off every month.",
      "college_name": "California State University, Fresno",
      "city": "Fresno",
      "state": "CA"
    }
  },
  {
    "model": "events.college",
    "pk": 7,
    "fields": {
      "latin_dance_organization_name": "Cal State Fullerton Salsa Club",
      "description": "Music and dance can lift the spirits, help build stronger communities, and promote understanding and tolerance. Through music and dance, we want to invigorate and inspire those interested in salsa.",
      "college_name": "California State University, Fullerton",
      "city": "Fullerton",
      "state": "CA"
    }
  },
  {
    "model": "events.college",
    "pk": 8,
    "fields": {
      "latin_dance_organization_name": "CSULB Salsa",
      "description": "",
      "college_name": "California State University, Long Beach",
      "city": "Long Beach",
      "state": "CA"
    }
  },
  {
    "model": "events.college",
    "pk": 9,
    "fields": {
      "latin_dance_organization_name": "CSUN Salsa Libre",
      "description": "Salsa Libre was founded in 2008 and since then our purpose has been to encourage CSUN students to pursue and reach out to others through salsa dancing and enrich their lives. In addition, the club strives to form a community of salsa dancers who participate in dance lessons but also learn the artistic aspect of salsa dancing. Salsa Libre includes a performance team and a competition team. The performance team merges salsa with other types of dances, such as hip-hop, jazz, tango and bachata. The competition team follows is geared toward competing in college salsa competitions. The competition team is comprised of students who pursue a higher level of performance, showmanship and competitiveness.",
      "college_name": "California State University, Northridge",
      "city": "Northridge",
      "state": "CA"
    }
  },
  {
    "model": "events.college",
    "pk": 10,
    "fields": {
      "latin_dance_organization_name": "Salsa Loca",
      "description": "Salsa Loca is a student run organization whose purpose is to create a friendly, fun and welcoming environment for people to learn to dance and meet new people!",
      "college_name": "California State University, Sacramento",
      "city": "Sacramento",
      "state": "CA"
    }
  },
  {
    "model": "events.college",
    "pk": 11,
    "fields": {
      "latin_dance_organization_name": "El Co Salseros",
      "description": "",
      "college_name": "El Camino College",
      "city": "Torrance",
      "state": "CA"
    }
  },
  {
    "model": "events.college",
    "pk": 12,
    "fields": {
      "latin_dance_organization_name": "Spartan Mambo",
      "description": "Spartan Mambo is the performance salsa team at San Jose State University. Our purpose is to enrich the lives of SJSU students and members of the community through performance salsa dance.",
      "college_name": "San Jose State University",
      "city": "San Jose",
      "state": "CA"
    }
  },
  {
    "model": "events.college",
    "pk": 13,
    "fields": {
      "latin_dance_organization_name": "Salsa Clara",
      "description": "Salsa Clara is a salsa dancing performance team at Santa Clara University. Each year, we work on perfecting one amateur routine to perform on campus and in the surrounding salsa community during the spring quarter (March-June). What is unique about Salsa Clara is that we invite students to try-out for our team even if they don't have any previous dance experience.",
      "college_name": "Santa Clara University",
      "city": "Santa Clara",
      "state": "CA"
    }
  },
  {
    "model": "events.college",
    "pk": 14,
    "fields": {
      "latin_dance_organization_name": "Salsa Society at UCLA",
      "description": "Salsa Society is for everyone! Dance salsa? Never danced salsa? Come on by with or without a partner, and we'll help you get on your feet. Whether you're a student, alumni, staff member, or just visiting, we promise you'll have fun.",
      "college_name": "University of California, Los Angeles",
      "city": "Brentwood",
      "state": "CA"
    }
  },
  {
    "model": "events.college",
    "pk": 15,
    "fields": {
      "latin_dance_organization_name": "UCR Salsa Club",
      "description": "",
      "college_name": "University of California, Riverside",
      "city": "Riverside",
      "state": "CA"
    }
  },
  {
    "model": "events.college",
    "pk": 16,
    "fields": {
      "latin_dance_organization_name": "Cotillion Dance Club: Strictly Social",
      "description": "The Cotillion Dance Club is a student organization at UCSB that seeks to preserve ballroom, Latin and swing dancing traditions in an environment conducive to enjoyment & education.",
      "college_name": "University of California, Santa Barbara",
      "city": "Santa Barbara",
      "state": "CA"
    }
  },
  {
    "model": "events.college",
    "pk": 17,
    "fields": {
      "latin_dance_organization_name": "Break On 2",
      "description": "Break on 2 is USC's premier Latin dance team and club with an emphasis on LA style salsa technique and choreography. Our mission is to strengthen a team of 60 highly committed students in various fields of Latin dance (sometimes fused with non-Latin dance forms, such as hip-hop and contemporary) both in the social dancing arena as well as for our April 25th showcase. Our salsa socials are the largest monthly socials in the college latin dance community with over 400 in attendance every last Friday of the month. Come join us and you\u2019ll see why they call our salsa nights the hottest college socials around.",
      "college_name": "University of Southern California",
      "city": "Los Angeles",
      "state": "CA"
    }
  },
  {
    "model": "events.college",
    "pk": 18,
    "fields": {
      "latin_dance_organization_name": "Salsa Addicts",
      "description": "",
      "college_name": "Claremont Colleges",
      "city": "Claremont",
      "state": "CA"
    }
  },
  {
    "model": "events.college",
    "pk": 19,
    "fields": {
      "latin_dance_organization_name": "LMU Salsa Club",
      "description": "",
      "college_name": "Loyola Marymount University",
      "city": "Los Angeles",
      "state": "CA"
    }
  },
  {
    "model": "events.college",
    "pk": 20,
    "fields": {
      "latin_dance_organization_name": "Sabrosura Latin Dance Troupe",
      "description": "",
      "college_name": "Santa Cruz",
      "city": "Santa Cruz",
      "state": "CA"
    }
  },
  {
    "model": "events.college",
    "pk": 21,
    "fields": {
      "latin_dance_organization_name": "Candela Salsa Club",
      "description": "",
      "college_name": "Pasadena City College",
      "city": "Pasadena",
      "state": "CA"
    }
  },
  {
    "model": "events.collegeurl",
    "pk": 6,
    "fields": {
      "college": 17,
      "url": "http://www.facebook.com/BreakOn2",
      "url_type": "facebook"
    }
  },
  {
    "model": "events.collegeurl",
    "pk": 7,
    "fields": {
      "college": 17,
      "url": "http://breakon2.com/",
      "url_type": "website"
    }
  },
  {
    "model": "events.collegeurl",
    "pk": 8,
    "fields": {
      "college": 4,
      "url": "http://www.cpsalsa.com/",
      "url_type": "website"
    }
  },
  {
    "model": "events.collegeurl",
    "pk": 9,
    "fields": {
      "college": 5,
      "url": "http://www.facebook.com/groups/133696676766781",
      "url_type": "facebook"
    }
  },
  {
    "model": "events.collegeurl",
    "pk": 10,
    "fields": {
      "college": 6,
      "url": "http://www.facebook.com/groups/58410806136",
      "url_type": "facebook"
    }
  },
  {
    "model": "events.collegeurl",
    "pk": 11,
    "fields": {
      "college": 7,
      "url": "http://www.csufsalsaclub.com/",
      "url_type": "website"
    }
  },
  {
    "model": "events.collegeurl",
    "pk": 12,
    "fields": {
      "college": 7,
      "url": "http://www.facebook.com/CSUFSalsa",
      "url_type": "facebook"
    }
  },
  {
    "model": "events.collegeurl",
    "pk": 13,
    "fields": {
      "college": 9,
      "url": "http://www.facebook.com/Csunsalsalibre1",
      "url_type": "facebook"
    }
  },
  {
    "model": "events.collegeurl",
    "pk": 14,
    "fields": {
      "college": 10,
      "url": "http://sacstatesalsa.com/",
      "url_type": "website"
    }
  },
  {
    "model": "events.collegeurl",
    "pk": 15,
    "fields": {
      "college": 11,
      "url": "http://www.facebook.com/groups/104209089611364",
      "url_type": "facebook"
    }
  },
  {
    "model": "events.collegeurl",
    "pk": 16,
    "fields": {
      "college": 21,
      "url": "http://www.facebook.com/groups/pcccandelasalsaclub",
      "url_type": "facebook"
    }
  },
  {
    "model": "events.collegeurl",
    "pk": 17,
    "fields": {
      "college": 12,
      "url": "http://www.spartanmambo.com/",
      "url_type": "website"
    }
  },
  {
    "model": "events.collegeurl",
    "pk": 18,
    "fields": {
      "college": 12,
      "url": "http://www.facebook.com/spartanmambo",
      "url_type": "facebook"
    }
  },
  {
    "model": "events.collegeurl",
    "pk": 19,
    "fields": {
      "college": 13,
      "url": "http://www.facebook.com/SalsaClara",
      "url_type": "website"
    }
  },
  {
    "model": "events.collegeurl",
    "pk": 20,
    "fields": {
      "college": 13,
      "url": "http://www.youtube.com/user/SCUSalsaClara",
      "url_type": "youtube"
    }
  },
  {
    "model": "events.collegeurl",
    "pk": 21,
    "fields": {
      "college": 17,
      "url": "http://www.youtube.com/user/uscbreakon2",
      "url_type": "youtube"
    }
  },
  {
    "model": "events.collegeurl",
    "pk": 22,
    "fields": {
      "college": 14,
      "url": "http://www.facebook.com/groups/Salsasocietatucla",
      "url_type": "facebook"
    }
  },
  {
    "model": "events.collegeurl",
    "pk": 23,
    "fields": {
      "college": 15,
      "url": "http://www.facebook.com/pages/The-Salsa-Club-at-UCR/42733570912",
      "url_type": "facebook"
    }
  },
  {
    "model": "events.collegeurl",
    "pk": 24,
    "fields": {
      "college": 16,
      "url": "http://cotillionatucsb.com/",
      "url_type": "website"
    }
  },
  {
    "model": "events.collegeurl",
    "pk": 25,
    "fields": {
      "college": 18,
      "url": "http://www.facebook.com/SalsaAddictsattheClaremontColleges",
      "url_type": "facebook"
    }
  },
  {
    "model": "events.collegeurl",
    "pk": 26,
    "fields": {
      "college": 20,
      "url": "http://www.facebook.com/groups/2355313919",
      "url_type": "facebook"
    }
  },
  {
    "model": "events.collegeurl",
    "pk": 27,
    "fields": {
      "college": 8,
      "url": "http://www.facebook.com/groups/csulbsalsaclub",
      "url_type": "facebook"
    }
  },
  {
    "model": "events.collegeurl",
    "pk": 28,
    "fields": {
      "college": 19,
      "url": "http://www.facebook.com/lmu.salsa",
      "url_type": "facebook"
    }
  },
  {
    "model": "events.collegecsoparticipation",
    "pk": 4,
    "fields": {
      "college": 4,
      "attending": true,
      "performing": false,
      "cso_year": 2015,
      "competing": false
    }
  },
  {
    "model": "events.collegecsoparticipation",
    "pk": 5,
    "fields": {
      "college": 5,
      "attending": true,
      "performing": false,
      "cso_year": 2015,
      "competing": false
    }
  },
  {
    "model": "events.collegecsoparticipation",
    "pk": 6,
    "fields": {
      "college": 6,
      "attending": false,
      "performing": false,
      "cso_year": 2015,
      "competing": false
    }
  },
  {
    "model": "events.collegecsoparticipation",
    "pk": 7,
    "fields": {
      "college": 7,
      "attending": true,
      "performing": true,
      "cso_year": 2015,
      "competing": true
    }
  },
  {
    "model": "events.collegecsoparticipation",
    "pk": 8,
    "fields": {
      "college": 8,
      "attending": true,
      "performing": true,
      "cso_year": 2015,
      "competing": false
    }
  },
  {
    "model": "events.collegecsoparticipation",
    "pk": 9,
    "fields": {
      "college": 9,
      "attending": true,
      "performing": true,
      "cso_year": 2015,
      "competing": true
    }
  },
  {
    "model": "events.collegecsoparticipation",
    "pk": 10,
    "fields": {
      "college": 10,
      "attending": true,
      "performing": true,
      "cso_year": 2015,
      "competing": false
    }
  },
  {
    "model": "events.collegecsoparticipation",
    "pk": 11,
    "fields": {
      "college": 11,
      "attending": true,
      "performing": true,
      "cso_year": 2015,
      "competing": false
    }
  },
  {
    "model": "events.collegecsoparticipation",
    "pk": 12,
    "fields": {
      "college": 21,
      "attending": true,
      "performing": false,
      "cso_year": 2015,
      "competing": false
    }
  },
  {
    "model": "events.collegecsoparticipation",
    "pk": 13,
    "fields": {
      "college": 12,
      "attending": true,
      "performing": true,
      "cso_year": 2015,
      "competing": true
    }
  },
  {
    "model": "events.collegecsoparticipation",
    "pk": 14,
    "fields": {
      "college": 13,
      "attending": true,
      "performing": true,
      "cso_year": 2015,
      "competing": false
    }
  },
  {
    "model": "events.collegecsoparticipation",
    "pk": 15,
    "fields": {
      "college": 14,
      "attending": true,
      "performing": true,
      "cso_year": 2015,
      "competing": true
    }
  },
  {
    "model": "events.collegecsoparticipation",
    "pk": 16,
    "fields": {
      "college": 15,
      "attending": true,
      "performing": true,
      "cso_year": 2015,
      "competing": false
    }
  },
  {
    "model": "events.collegecsoparticipation",
    "pk": 17,
    "fields": {
      "college": 16,
      "attending": true,
      "performing": false,
      "cso_year": 2015,
      "competing": false
    }
  },
  {
    "model": "events.collegecsoparticipation",
    "pk": 18,
    "fields": {
      "college": 17,
      "attending": true,
      "performing": true,
      "cso_year": 2015,
      "competing": true
    }
  },
  {
    "model": "events.collegecsoparticipation",
    "pk": 19,
    "fields": {
      "college": 18,
      "attending": true,
      "performing": false,
      "cso_year": 2015,
      "competing": false
    }
  },
  {
    "model": "events.collegecsoparticipation",
    "pk": 20,
    "fields": {
      "college": 19,
      "attending": true,
      "performing": false,
      "cso_year": 2015,
      "competing": false
    }
  },
  {
    "model": "events.collegecsoparticipation",
    "pk": 21,
    "fields": {
      "college": 20,
      "attending": false,
      "performing": false,
      "cso_year": 2015,
      "competing": false
    }
  }
]