[
  {
    "pk": 4,
    "model": "events.college",
    "fields": {
      "state": "CA",
      "city": "San Luis Obispo",
      "latin_dance_organization_name": "CPSalsa",
      "college_name": "Cal Poly San Luis Obispo",
      "description": ""
    }
  },
  {
    "pk": 5,
    "model": "events.college",
    "fields": {
      "state": "CA",
      "city": "Pomona",
      "latin_dance_organization_name": "Cal Poly Pomona Salsa Dance Team",
      "college_name": "Cal Poly Pomona",
      "description": "Cal Poly Pomona Salsa Dance Team consists of 5 couples and focuses on LA style salsa."
    }
  },
  {
    "pk": 6,
    "model": "events.college",
    "fields": {
      "state": "CA",
      "city": "Fresno",
      "latin_dance_organization_name": "Fresno State Salsa Club",
      "college_name": "California State University, Fresno",
      "description": "Fresno State Salsa Club provides swing and salsa dancing. Beginner lessons from 7-8 and followed by social dancing. Free to everyone. Salsa and swing dancing switch off every month."
    }
  },
  {
    "pk": 7,
    "model": "events.college",
    "fields": {
      "state": "CA",
      "city": "Fullerton",
      "latin_dance_organization_name": "Cal State Fullerton Salsa Club",
      "college_name": "California State University, Fullerton",
      "description": "Music and dance can lift the spirits, help build stronger communities, and promote understanding and tolerance. Through music and dance, we want to invigorate and inspire those interested in salsa."
    }
  },
  {
    "pk": 8,
    "model": "events.college",
    "fields": {
      "state": "CA",
      "city": "Long Beach",
      "latin_dance_organization_name": "CSULB Salsa",
      "college_name": "California State University, Long Beach",
      "description": ""
    }
  },
  {
    "pk": 9,
    "model": "events.college",
    "fields": {
      "state": "CA",
      "city": "Northridge",
      "latin_dance_organization_name": "CSUN Salsa Libre",
      "college_name": "California State University, Northridge",
      "description": "Salsa Libre was founded in 2008 and since then our purpose has been to encourage CSUN students to pursue and reach out to others through salsa dancing and enrich their lives. In addition, the club strives to form a community of salsa dancers who participate in dance lessons but also learn the artistic aspect of salsa dancing. Salsa Libre includes a performance team and a competition team. The performance team merges salsa with other types of dances, such as hip-hop, jazz, tango, and bachata. The competition team is geared toward competing in college salsa competitions. The competition team is comprised of students who pursue a higher level of performance, showmanship and competitiveness."
    }
  },
  {
    "pk": 10,
    "model": "events.college",
    "fields": {
      "state": "CA",
      "city": "Sacramento",
      "latin_dance_organization_name": "Salsa Loca",
      "college_name": "California State University, Sacramento",
      "description": "Salsa Loca is a student run organization whose purpose is to create a friendly, fun and welcoming environment for people to learn to dance and meet new people!"
    }
  },
  {
    "pk": 11,
    "model": "events.college",
    "fields": {
      "state": "CA",
      "city": "Torrance",
      "latin_dance_organization_name": "El Co Salseros",
      "college_name": "El Camino College",
      "description": "Salsa Society is for everyone! Dance salsa? Never danced salsa? Come on by with or without a partner, and we'll help you get on your feet. Whether you're a student, alumni, staff member, or just visiting, we promise you'll have fun."
    }
  },
  {
    "pk": 12,
    "model": "events.college",
    "fields": {
      "state": "CA",
      "city": "San Jose",
      "latin_dance_organization_name": "Spartan Mambo",
      "college_name": "San Jose State University",
      "description": "Spartan Mambo is the performance salsa team at San Jose State University. Our purpose is to enrich the lives of SJSU students and members of the community through performance salsa dance."
    }
  },
  {
    "pk": 13,
    "model": "events.college",
    "fields": {
      "state": "CA",
      "city": "Santa Clara",
      "latin_dance_organization_name": "Salsa Clara",
      "college_name": "Santa Clara University",
      "description": "Salsa Clara is a salsa dancing performance team at Santa Clara University. Each year, we work on perfecting one amateur routine to perform on campus and in the surrounding salsa community during the spring quarter (March-June). What is unique about Salsa Clara is that we invite students to try-out for our team even if they don't have any previous dance experience."
    }
  },
  {
    "pk": 14,
    "model": "events.college",
    "fields": {
      "state": "CA",
      "city": "Brentwood",
      "latin_dance_organization_name": "Salsa Society at UCLA",
      "college_name": "University of California, Los Angeles",
      "description": "Salsa Society is for everyone! Dance salsa? Never danced salsa? Come on by with or without a partner, and we'll help you get on your feet. Whether you're a student, alumni, staff member, or just visiting, we promise you'll have fun."
    }
  },
  {
    "pk": 15,
    "model": "events.college",
    "fields": {
      "state": "CA",
      "city": "Riverside",
      "latin_dance_organization_name": "The Salsa Club at UCR & Salsiente Performance Team",
      "college_name": "University of California, Riverside",
      "description": "As a club we hold regular weekly meetings and dance workshops on campus to provide instruction and introduce salsa, bachata, kizomba, and other related dance styles open to all UCR students - no prior experience or dance partner required! As a performance team we perform both on and off campus locally to spread our love of dance both to students and the local community. Overall we aim to provide an environment where dance can be learned and practiced, a social network that focuses on dancing events and activities, and a portal for students / dancers with similar interests to meet and interact."
    }
  },
  {
    "pk": 16,
    "model": "events.college",
    "fields": {
      "state": "CA",
      "city": "Santa Barbara",
      "latin_dance_organization_name": "Cotillion Dance Club: Strictly Social",
      "college_name": "University of California, Santa Barbara",
      "description": "The Cotillion Dance Club is a student organization at UCSB that seeks to preserve ballroom, Latin and swing dancing traditions in an environment conducive to enjoyment & education."
    }
  },
  {
    "pk": 17,
    "model": "events.college",
    "fields": {
      "state": "CA",
      "city": "Los Angeles",
      "latin_dance_organization_name": "Break On 2",
      "college_name": "University of Southern California",
      "description": "Break on 2 is USC's premier Latin dance team and club with an emphasis on LA style salsa technique and choreography. Our mission is to strengthen a team of 60 highly committed students in various fields of Latin dance (sometimes fused with non-Latin dance forms, such as hip-hop and contemporary) both in the social dancing arena as well as for our May 1st showcase. Our salsa socials are the largest monthly socials in the college latin dance community with over 400 in attendance every last Friday of the month. Come join us and you\u2019ll see why they call our salsa nights the hottest college socials around."
    }
  },
  {
    "pk": 18,
    "model": "events.college",
    "fields": {
      "state": "CA",
      "city": "Claremont",
      "latin_dance_organization_name": "Salsa Addicts",
      "college_name": "Claremont Colleges",
      "description": ""
    }
  },
  {
    "pk": 19,
    "model": "events.college",
    "fields": {
      "state": "CA",
      "city": "Los Angeles",
      "latin_dance_organization_name": "LMU Salsa Club",
      "college_name": "Loyola Marymount University",
      "description": ""
    }
  },
  {
    "pk": 20,
    "model": "events.college",
    "fields": {
      "state": "CA",
      "city": "Santa Cruz",
      "latin_dance_organization_name": "Sabrosura",
      "college_name": "University of California, Santa Cruz",
      "description": "Established in 2002, SABROSURA is a Latin American dance troupe at University of California, Santa Cruz. Our mission is to spread the Latin American and Caribbean culture/rituals through the art of dance. It is a student run organization, which means you know that those who run it love it because it's extra work added onto their classes/work. We choreograph our own routines, so everything that is seen is put together by us. We also put together our own music mixes that we perform to. We perform around the UCSC campus and outside to our Santa Cruz community by popular demand, performing and bringing people of latin american culture together through dance."
    }
  },
  {
    "pk": 21,
    "model": "events.college",
    "fields": {
      "state": "CA",
      "city": "Pasadena",
      "latin_dance_organization_name": "Candela Salsa Club",
      "college_name": "Pasadena City College",
      "description": ""
    }
  },
  {
    "pk": 23,
    "model": "events.college",
    "fields": {
      "state": "CA",
      "city": "San Diego, CA",
      "latin_dance_organization_name": "SDSU Salsa Club",
      "college_name": "San Diego State University",
      "description": "Founded in the Fall of 2012, the Salsa Club at San Diego State University is a student run organization that seeks to foster a latin dance community on campus. We welcome dancers of all levels and our classes offer a fun and social environment in which to learn."
    }
  },
  {
    "pk": 24,
    "model": "events.college",
    "fields": {
      "state": "CA",
      "city": "San Bernardino",
      "latin_dance_organization_name": "CSUSB Salchata Club",
      "college_name": "California State University, San Bernardino",
      "description": ""
    }
  },
  {
    "pk": 25,
    "model": "events.college",
    "fields": {
      "state": "CA",
      "city": "Whittier",
      "latin_dance_organization_name": "Latin Dance at Whittier College",
      "college_name": "Whittier College",
      "description": "Latin dance allows students to explore various cultural dances including but not limited to latin. All styles of dance are welcome! Latin Dance is a free space for every culture to share their dance styles and learn choreography by local studios or the club choreographer."
    }
  },
  {
    "pk": 6,
    "model": "events.collegeurl",
    "fields": {
      "url": "http://www.facebook.com/BreakOn2",
      "url_type": "facebook",
      "college": 17
    }
  },
  {
    "pk": 7,
    "model": "events.collegeurl",
    "fields": {
      "url": "http://breakon2.com/",
      "url_type": "website",
      "college": 17
    }
  },
  {
    "pk": 8,
    "model": "events.collegeurl",
    "fields": {
      "url": "http://www.cpsalsa.com/",
      "url_type": "website",
      "college": 4
    }
  },
  {
    "pk": 9,
    "model": "events.collegeurl",
    "fields": {
      "url": "http://www.facebook.com/groups/133696676766781",
      "url_type": "facebook",
      "college": 5
    }
  },
  {
    "pk": 10,
    "model": "events.collegeurl",
    "fields": {
      "url": "http://www.facebook.com/groups/58410806136",
      "url_type": "facebook",
      "college": 6
    }
  },
  {
    "pk": 11,
    "model": "events.collegeurl",
    "fields": {
      "url": "http://www.csufsalsaclub.com/",
      "url_type": "website",
      "college": 7
    }
  },
  {
    "pk": 12,
    "model": "events.collegeurl",
    "fields": {
      "url": "http://www.facebook.com/CSUFSalsa",
      "url_type": "facebook",
      "college": 7
    }
  },
  {
    "pk": 13,
    "model": "events.collegeurl",
    "fields": {
      "url": "http://www.facebook.com/Csunsalsalibre1",
      "url_type": "facebook",
      "college": 9
    }
  },
  {
    "pk": 14,
    "model": "events.collegeurl",
    "fields": {
      "url": "http://sacstatesalsa.com/",
      "url_type": "website",
      "college": 10
    }
  },
  {
    "pk": 15,
    "model": "events.collegeurl",
    "fields": {
      "url": "http://www.facebook.com/groups/104209089611364",
      "url_type": "facebook",
      "college": 11
    }
  },
  {
    "pk": 16,
    "model": "events.collegeurl",
    "fields": {
      "url": "http://www.facebook.com/groups/pcccandelasalsaclub",
      "url_type": "facebook",
      "college": 21
    }
  },
  {
    "pk": 17,
    "model": "events.collegeurl",
    "fields": {
      "url": "http://www.spartanmambo.com/",
      "url_type": "website",
      "college": 12
    }
  },
  {
    "pk": 18,
    "model": "events.collegeurl",
    "fields": {
      "url": "http://www.facebook.com/spartanmambo",
      "url_type": "facebook",
      "college": 12
    }
  },
  {
    "pk": 19,
    "model": "events.collegeurl",
    "fields": {
      "url": "http://www.facebook.com/SalsaClara",
      "url_type": "facebook",
      "college": 13
    }
  },
  {
    "pk": 20,
    "model": "events.collegeurl",
    "fields": {
      "url": "http://www.youtube.com/user/SCUSalsaClara",
      "url_type": "youtube",
      "college": 13
    }
  },
  {
    "pk": 21,
    "model": "events.collegeurl",
    "fields": {
      "url": "http://www.youtube.com/user/uscbreakon2",
      "url_type": "youtube",
      "college": 17
    }
  },
  {
    "pk": 22,
    "model": "events.collegeurl",
    "fields": {
      "url": "http://www.facebook.com/groups/Salsasocietatucla",
      "url_type": "facebook",
      "college": 14
    }
  },
  {
    "pk": 23,
    "model": "events.collegeurl",
    "fields": {
      "url": "http://www.facebook.com/pages/The-Salsa-Club-at-UCR/42733570912",
      "url_type": "facebook",
      "college": 15
    }
  },
  {
    "pk": 24,
    "model": "events.collegeurl",
    "fields": {
      "url": "http://cotillionatucsb.com/",
      "url_type": "website",
      "college": 16
    }
  },
  {
    "pk": 25,
    "model": "events.collegeurl",
    "fields": {
      "url": "http://www.facebook.com/SalsaAddictsattheClaremontColleges",
      "url_type": "facebook",
      "college": 18
    }
  },
  {
    "pk": 26,
    "model": "events.collegeurl",
    "fields": {
      "url": "http://www.facebook.com/groups/2355313919",
      "url_type": "facebook",
      "college": 20
    }
  },
  {
    "pk": 27,
    "model": "events.collegeurl",
    "fields": {
      "url": "http://www.facebook.com/groups/csulbsalsaclub",
      "url_type": "facebook",
      "college": 8
    }
  },
  {
    "pk": 28,
    "model": "events.collegeurl",
    "fields": {
      "url": "http://www.facebook.com/lmu.salsa",
      "url_type": "facebook",
      "college": 19
    }
  },
  {
    "pk": 30,
    "model": "events.collegeurl",
    "fields": {
      "url": "http://www.youtube.com/user/ucscsabrosura",
      "url_type": "youtube",
      "college": 20
    }
  },
  {
    "pk": 31,
    "model": "events.collegeurl",
    "fields": {
      "url": "http://www.facebook.com/groups/sdsusalsaclub",
      "url_type": "facebook",
      "college": 23
    }
  },
  {
    "pk": 32,
    "model": "events.collegeurl",
    "fields": {
      "url": "http://www.facebook.com/CPSalsa",
      "url_type": "facebook",
      "college": 4
    }
  },
  {
    "pk": 33,
    "model": "events.collegeurl",
    "fields": {
      "url": "http://www.facebook.com/groups/429760110395600",
      "url_type": "facebook",
      "college": 24
    }
  },
  {
    "pk": 4,
    "model": "events.collegecsoparticipation",
    "fields": {
      "attending": true,
      "competing": false,
      "cso_year": 2015,
      "college": 4,
      "performing": false
    }
  },
  {
    "pk": 5,
    "model": "events.collegecsoparticipation",
    "fields": {
      "attending": true,
      "competing": false,
      "cso_year": 2015,
      "college": 5,
      "performing": false
    }
  },
  {
    "pk": 6,
    "model": "events.collegecsoparticipation",
    "fields": {
      "attending": false,
      "competing": false,
      "cso_year": 2015,
      "college": 6,
      "performing": false
    }
  },
  {
    "pk": 7,
    "model": "events.collegecsoparticipation",
    "fields": {
      "attending": true,
      "competing": true,
      "cso_year": 2015,
      "college": 7,
      "performing": true
    }
  },
  {
    "pk": 8,
    "model": "events.collegecsoparticipation",
    "fields": {
      "attending": true,
      "competing": false,
      "cso_year": 2015,
      "college": 8,
      "performing": true
    }
  },
  {
    "pk": 9,
    "model": "events.collegecsoparticipation",
    "fields": {
      "attending": true,
      "competing": true,
      "cso_year": 2015,
      "college": 9,
      "performing": true
    }
  },
  {
    "pk": 10,
    "model": "events.collegecsoparticipation",
    "fields": {
      "attending": true,
      "competing": false,
      "cso_year": 2015,
      "college": 10,
      "performing": true
    }
  },
  {
    "pk": 11,
    "model": "events.collegecsoparticipation",
    "fields": {
      "attending": true,
      "competing": false,
      "cso_year": 2015,
      "college": 11,
      "performing": true
    }
  },
  {
    "pk": 12,
    "model": "events.collegecsoparticipation",
    "fields": {
      "attending": true,
      "competing": false,
      "cso_year": 2015,
      "college": 21,
      "performing": false
    }
  },
  {
    "pk": 13,
    "model": "events.collegecsoparticipation",
    "fields": {
      "attending": true,
      "competing": true,
      "cso_year": 2015,
      "college": 12,
      "performing": true
    }
  },
  {
    "pk": 14,
    "model": "events.collegecsoparticipation",
    "fields": {
      "attending": true,
      "competing": false,
      "cso_year": 2015,
      "college": 13,
      "performing": true
    }
  },
  {
    "pk": 15,
    "model": "events.collegecsoparticipation",
    "fields": {
      "attending": true,
      "competing": true,
      "cso_year": 2015,
      "college": 14,
      "performing": true
    }
  },
  {
    "pk": 16,
    "model": "events.collegecsoparticipation",
    "fields": {
      "attending": true,
      "competing": false,
      "cso_year": 2015,
      "college": 15,
      "performing": true
    }
  },
  {
    "pk": 17,
    "model": "events.collegecsoparticipation",
    "fields": {
      "attending": true,
      "competing": false,
      "cso_year": 2015,
      "college": 16,
      "performing": false
    }
  },
  {
    "pk": 18,
    "model": "events.collegecsoparticipation",
    "fields": {
      "attending": true,
      "competing": true,
      "cso_year": 2015,
      "college": 17,
      "performing": true
    }
  },
  {
    "pk": 19,
    "model": "events.collegecsoparticipation",
    "fields": {
      "attending": true,
      "competing": false,
      "cso_year": 2015,
      "college": 18,
      "performing": false
    }
  },
  {
    "pk": 20,
    "model": "events.collegecsoparticipation",
    "fields": {
      "attending": true,
      "competing": false,
      "cso_year": 2015,
      "college": 19,
      "performing": false
    }
  },
  {
    "pk": 21,
    "model": "events.collegecsoparticipation",
    "fields": {
      "attending": true,
      "competing": false,
      "cso_year": 2015,
      "college": 20,
      "performing": false
    }
  },
  {
    "pk": 22,
    "model": "events.collegecsoparticipation",
    "fields": {
      "attending": true,
      "competing": false,
      "cso_year": 2015,
      "college": 23,
      "performing": false
    }
  },
  {
    "pk": 23,
    "model": "events.collegecsoparticipation",
    "fields": {
      "attending": true,
      "competing": false,
      "cso_year": 2015,
      "college": 24,
      "performing": false
    }
  },
  {
    "pk": 24,
    "model": "events.collegecsoparticipation",
    "fields": {
      "attending": true,
      "competing": false,
      "cso_year": 2015,
      "college": 25,
      "performing": false
    }
  }
]